{"groups": [{"groupId": 0, "cards": [{"cardId": "0", "appName": "", "title": "HarmonyOS 桌面新体验", "funNum": "SF-20005692_f071", "weight": 10, "cdnUrl": "getCards/card/zh-cn\\content\\01_Desktop_UI/SF-20005692_f071.html", "zipPath": "getCards/card/zh-cn\\content\\01_Desktop_UI\\SF-20005692_f071.zip", "htmlZipPath": "content\\01_Desktop_UI\\SF-20005692_f071.html", "publishTime": "2024-12-28T07:42:55+0000", "briefContent": {"textSummary": "HarmonyOS 桌面提供了Dock 快捷栏、状态栏、小艺搜索等功能，操作便捷，助您高效使用。"}, "thumbnailsUrl": "getCards/card/zh-cn/image/thumbnails/fig_desktop.png"}, {"cardId": "0", "appName": "", "title": "常用触控板手势", "funNum": "SF-20006108_f091", "weight": 30, "cdnUrl": "getCards/card/zh-cn\\content\\01_Desktop_UI/SF-20006108_f091.html", "zipPath": "getCards/card/zh-cn\\content\\01_Desktop_UI\\SF-20006108_f091.zip", "htmlZipPath": "content\\01_Desktop_UI\\SF-20006108_f091.html", "publishTime": "2024-12-28T07:42:55+0000", "briefContent": {"textSummary": "通过触控板手势，快速执行任务。例如，快速显示桌面、放大图片、进入任务中心等。"}, "thumbnailsUrl": "getCards/card/zh-cn/image/thumbnails/fig_Touchpad_gestures.png"}, {"cardId": "0", "appName": "", "title": "常用快捷键", "funNum": "SF-20006116_f091", "weight": 40, "cdnUrl": "getCards/card/zh-cn\\content\\01_Desktop_UI/SF-20006116_f091.html", "zipPath": "getCards/card/zh-cn\\content\\01_Desktop_UI\\SF-20006116_f091.zip", "htmlZipPath": "content\\01_Desktop_UI\\SF-20006116_f091.html", "publishTime": "2024-12-28T07:42:55+0000", "briefContent": {"textSummary": "使用键盘上某一个键或某几个键的组合，轻松操作电脑，快捷高效。"}, "thumbnailsUrl": "getCards/card/zh-cn/image/thumbnails/fig_ShortcutKey_tips.png"}, {"cardId": "0", "appName": "", "title": "控制中心，让操作更便捷", "funNum": "SF-20005708_f071", "weight": 50, "cdnUrl": "getCards/card/zh-cn\\content\\01_Desktop_UI/SF-20005708_f071.html", "zipPath": "getCards/card/zh-cn\\content\\01_Desktop_UI\\SF-20005708_f071.zip", "htmlZipPath": "content\\01_Desktop_UI\\SF-20005708_f071.html", "publishTime": "2024-12-28T07:42:55+0000", "briefContent": {"textSummary": "控制中心将常用的快捷开关、音频播控中心等功能集合在一起，方便您快速操作。"}, "thumbnailsUrl": "getCards/card/zh-cn/image/thumbnails/fig_ControlCenter.png"}, {"cardId": "0", "appName": "", "title": "轻松截屏，定格精彩瞬间", "funNum": "SF-20005919_f071", "weight": 60, "cdnUrl": "getCards/card/zh-cn\\content\\12_system_tools/SF-20005919_f071.html", "zipPath": "getCards/card/zh-cn\\content\\12_system_tools\\SF-20005919_f071.zip", "htmlZipPath": "content\\12_system_tools\\SF-20005919_f071.html", "publishTime": "2024-12-28T07:42:55+0000", "briefContent": {"textSummary": "快速截取当前屏幕，轻松定格精彩瞬间。"}, "thumbnailsUrl": "getCards/card/zh-cn/image/thumbnails/fig_ScreenShot.png"}, {"cardId": "0", "appName": "", "title": "录屏，记录屏幕精彩片段", "funNum": "SF-20005924_f071", "weight": 70, "cdnUrl": "getCards/card/zh-cn\\content\\12_system_tools/SF-20005924_f071.html", "zipPath": "getCards/card/zh-cn\\content\\12_system_tools\\SF-20005924_f071.zip", "htmlZipPath": "content\\12_system_tools\\SF-20005924_f071.html", "publishTime": "2024-12-28T07:42:55+0000", "briefContent": {"textSummary": "您可录制电脑屏幕操作过程，分享给好友；也可以录制网络课程、在线会议等内容，方便后期回放。"}, "thumbnailsUrl": "getCards/card/zh-cn/image/thumbnails/fig_ControlCenter_ScreenRecording.png"}, {"cardId": "0", "appName": "", "title": "开启分屏，轻松应对多任务", "funNum": "SF-20005724_f071", "weight": 80, "cdnUrl": "getCards/card/zh-cn\\content\\01_Desktop_UI/SF-20005724_f071.html", "zipPath": "getCards/card/zh-cn\\content\\01_Desktop_UI\\SF-20005724_f071.zip", "htmlZipPath": "content\\01_Desktop_UI\\SF-20005724_f071.html", "publishTime": "2024-12-28T07:42:55+0000", "briefContent": {"textSummary": "分屏显示两个应用窗口，在应用间拖拽图片、文本，让多任务处理快人一步。例如，您可从文件管理拖拽图片到正在编辑的备忘中。"}, "thumbnailsUrl": "getCards/card/zh-cn/image/thumbnails/fig_SplitScreen.png"}, {"cardId": "0", "appName": "", "title": "数据克隆，换机数据迁移", "funNum": "SF-20006066_f071", "weight": 90, "cdnUrl": "getCards/card/zh-cn\\content\\12_system_tools/SF-20006066_f071.html", "zipPath": "getCards/card/zh-cn\\content\\12_system_tools\\SF-20006066_f071.zip", "htmlZipPath": "content\\12_system_tools\\SF-20006066_f071.html", "publishTime": "2024-12-28T07:42:55+0000", "briefContent": {"textSummary": "使用数据克隆，将旧电脑上的基础数据（如文档、图片、应用等）迁移至新电脑，简单快速、换机无忧。"}, "thumbnailsUrl": "getCards/card/zh-cn/image/thumbnails/fig_DataClone.png"}, {"cardId": "0", "appName": "", "title": "播控中心，一键投音", "funNum": "SF-20008677_f072", "weight": 110, "cdnUrl": "getCards/card/zh-cn\\content\\06_iot/SF-20008677_f072.html", "zipPath": "getCards/card/zh-cn\\content\\06_iot\\SF-20008677_f072.zip", "htmlZipPath": "content\\06_iot\\SF-20008677_f072.html", "publishTime": "2024-12-28T07:42:55+0000", "briefContent": {"textSummary": "在播控中心轻轻一点，即可将电脑的音频快速投放到其他音频设备。"}, "thumbnailsUrl": "getCards/card/zh-cn/image/thumbnails/fig_BroadcastingCenter_share.png"}, {"cardId": "0", "appName": "", "title": "拼图创作", "funNum": "SF-20005895_f075", "weight": 120, "cdnUrl": "getCards/card/zh-cn\\content\\19_media/SF-20005895_f075.html", "zipPath": "getCards/card/zh-cn\\content\\19_media\\SF-20005895_f075.zip", "htmlZipPath": "content\\19_media\\SF-20005895_f075.html", "publishTime": "2024-12-28T07:42:55+0000", "briefContent": {"textSummary": "使用拼图，将图库中的多张图片快速拼接成一张，方便分享。"}, "thumbnailsUrl": "getCards/card/zh-cn/image/thumbnails/fig_gallery_puzzle.png"}], "total": 10, "groupNum": "1", "subTitle": "了解新桌面、控制中心、截屏等基础操作", "icon": "getCards/category/images/xxxhdpi_path/1.jpg", "show": 1, "title": "新机上手", "weight": 1, "backImage": "getCards/category/images/backimage/pink-backimage.png", "backIcon": "getCards/category/images/backicon/1.png"}, {"groupId": 0, "cards": [{"cardId": "0", "appName": "", "title": "快速查看文件", "funNum": "SF-20005956_f071", "weight": 10, "cdnUrl": "getCards/card/zh-cn\\content\\02_office/SF-20005956_f071.html", "zipPath": "getCards/card/zh-cn\\content\\02_office\\SF-20005956_f071.zip", "htmlZipPath": "content\\02_office\\SF-20005956_f071.html", "publishTime": "2024-12-28T07:42:55+0000", "briefContent": {"textSummary": "使用文件预览，快速查看文件详情，无需打开其他应用服务。"}, "thumbnailsUrl": "getCards/card/zh-cn/image/thumbnails/fig_FileManager_preview.png"}, {"cardId": "0", "appName": "", "title": "使用多个日历，分类管理日程", "funNum": "SF-20005935_f071", "weight": 20, "cdnUrl": "getCards/card/zh-cn\\content\\02_office/SF-20005935_f071.html", "zipPath": "getCards/card/zh-cn\\content\\02_office\\SF-20005935_f071.zip", "htmlZipPath": "content\\02_office\\SF-20005935_f071.html", "publishTime": "2024-12-28T07:42:55+0000", "briefContent": {"textSummary": "创建多个日历并设置不同颜色，分类管理工作、家庭、个人等不同类型的日程活动。根据日程的颜色快速确定所属的日历，方便查看。"}, "thumbnailsUrl": "getCards/card/zh-cn/image/thumbnails/fig_calendar_accounts.png"}, {"cardId": "0", "appName": "", "title": "日程共享，协作更高效", "funNum": "SF-20005935_f072", "weight": 30, "cdnUrl": "getCards/card/zh-cn\\content\\02_office/SF-20005935_f072.html", "zipPath": "getCards/card/zh-cn\\content\\02_officeSF-20005935_f072.zip", "htmlZipPath": "content\\02_office\\SF-20005935_f072.html", "publishTime": "2024-12-28T07:42:55+0000", "briefContent": {"textSummary": "您可将会议通知、出差计划等日程共享给同事，实现一人创建、多人查看，变更实时同步。"}, "thumbnailsUrl": "getCards/card/zh-cn/image/thumbnails/fig_ShareSchedule.png"}, {"cardId": "0", "appName": "", "title": "备忘录，记录奇思妙想", "funNum": "SF-20005942_f071", "weight": 40, "cdnUrl": "getCards/card/zh-cn\\content\\02_office/SF-20005942_f071.html", "zipPath": "getCards/card/zh-cn\\content\\02_office\\SF-20005942_f071.zip", "htmlZipPath": "content\\02_office\\SF-20005942_f071.html", "publishTime": "2024-12-28T07:42:55+0000", "briefContent": {"textSummary": "使用备忘录，帮您留住一闪而过的想法和灵感。"}, "thumbnailsUrl": "getCards/card/zh-cn/image/thumbnails/fig_notepad_note_edit.png"}, {"cardId": "0", "appName": "", "title": "智能整理备忘", "funNum": "SF-20005942_f073", "weight": 50, "cdnUrl": "getCards/card/zh-cn\\content\\03_intelligent/SF-20005942_f073.html", "zipPath": "getCards/card/zh-cn\\content\\03_intelligent\\SF-20005942_f073.zip", "htmlZipPath": "content\\03_intelligent\\SF-20005942_f073.html", "publishTime": "2024-12-28T07:42:55+0000", "briefContent": {"textSummary": "使用备忘录中的 AI 工具，可对备忘中的原始文本进行摘要提取、智能排版、润色改写，让文本创作更智能、便捷。"}, "thumbnailsUrl": "getCards/card/zh-cn/image/thumbnails/fig_notepad_AI_tools.png"}, {"cardId": "0", "appName": "", "title": "创建待办事项", "funNum": "SF-20005942_f072", "weight": 60, "cdnUrl": "getCards/card/zh-cn\\content\\02_office/SF-20005942_f072.html", "zipPath": "getCards/card/zh-cn\\content\\02_office\\SF-20005942_f072.zip", "htmlZipPath": "content\\02_office\\SF-20005942_f072.html", "publishTime": "2024-12-28T07:42:55+0000", "briefContent": {"textSummary": "您可创建待办并设置提醒，以跟踪工作项目进度、日常购物等任何想要跟踪的事项。"}, "thumbnailsUrl": "getCards/card/zh-cn/image/thumbnails/fig_notepad_todo.png"}, {"cardId": "0", "appName": "", "title": "快速提取图片的主体", "funNum": "SF-10229830_f071", "weight": 70, "cdnUrl": "getCards/card/zh-cn\\content\\03_intelligent/SF-10229830_f071.html", "zipPath": "getCards/card/zh-cn\\content\\03_intelligent\\SF-10229830_f071.zip", "htmlZipPath": "content\\03_intelligent\\SF-10229830_f071.html", "publishTime": "2024-12-28T07:42:55+0000", "briefContent": {"textSummary": "轻轻一按，即可快速提取图片中的人像、宠物等主体，可粘贴至备忘或分享给好友。"}, "thumbnailsUrl": "getCards/card/zh-cn/image/thumbnails/fig_gallery_extract_mainbody.png"}, {"cardId": "0", "appName": "", "title": "开盖即开机，快速启动电脑", "funNum": "SF-20008618_f071", "weight": 90, "cdnUrl": "getCards/card/zh-cn\\content\\04_os/SF-20008618_f071.html", "zipPath": "getCards/card/zh-cn\\content\\04_osSF-20008618_f071.zip", "htmlZipPath": "content\\04_os\\SF-20008618_f071.html", "publishTime": "2024-12-28T07:42:55+0000", "briefContent": {"textSummary": "无需点按电源键，开盖即开机，减少您的开机等待时间。"}, "thumbnailsUrl": "getCards/card/zh-cn/image/thumbnails/fig_settings_OpenCover_start.png"}], "total": 8, "groupNum": "2", "subTitle": "了解办公应用如何助力高效办公", "icon": "getCards/category/images/xxxhdpi_path/2.jpg", "show": 1, "title": "高效办公", "weight": 2, "backImage": "getCards/category/images/backimage/purple-backimage.png", "backIcon": "getCards/category/images/backicon/2.png"}, {"groupId": 0, "cards": [{"cardId": "0", "appName": "", "title": "更换壁纸", "funNum": "SF-20005692_f075", "weight": 10, "cdnUrl": "getCards/card/zh-cn\\content\\01_Desktop_UI/SF-20005692_f075.html", "zipPath": "getCards/card/zh-cn\\content\\01_Desktop_UI\\SF-20005692_f075.zip", "htmlZipPath": "content\\01_Desktop_UI\\SF-20005692_f075.html", "publishTime": "2024-12-28T07:42:55+0000", "briefContent": {"textSummary": "您可挑选喜欢的图片设置为桌面壁纸和锁屏背景，使您的电脑桌面与众不同。"}, "thumbnailsUrl": "getCards/card/zh-cn/image/thumbnails/fig_settings_wallpaper.png"}, {"cardId": "0", "appName": "", "title": "添加桌面卡片", "funNum": "SF-20005728_f071", "weight": 20, "cdnUrl": "getCards/card/zh-cn\\content\\01_Desktop_UI/SF-20005728_f071.html", "zipPath": "getCards/card/zh-cn\\content\\01_Desktop_UI\\SF-20005728_f071.zip", "htmlZipPath": "content\\01_Desktop_UI\\SF-20005728_f071.html", "publishTime": "2024-12-28T07:42:55+0000", "briefContent": {"textSummary": "将应用卡片添加至桌面，方便快速预览或操作应用，如查看备忘、日程提醒等。"}, "thumbnailsUrl": "getCards/card/zh-cn/image/thumbnails/fig_desktop_ServiceCard.png"}, {"cardId": "0", "appName": "", "title": "在状态栏显示电量百分比", "funNum": "SF-20006480_f075", "weight": 30, "cdnUrl": "getCards/card/zh-cn\\content\\04_os/SF-20006480_f075.html", "zipPath": "getCards/card/zh-cn\\content\\04_os\\SF-20006480_f075.zip", "htmlZipPath": "content\\04_os\\SF-20006480_f075.html", "publishTime": "2024-12-28T07:42:55+0000", "briefContent": {"textSummary": "您可根据需要，设置在状态栏显示电池的电量百分比，以监控电量使用情况。"}, "thumbnailsUrl": "getCards/card/zh-cn/image/thumbnails/fig_settings_BatteryPercent.png"}, {"cardId": "0", "appName": "", "title": "更改鼠标光标样式", "funNum": "SF-20005723_f082", "weight": 40, "cdnUrl": "getCards/card/zh-cn\\content\\12_system_settings/SF-20005723_f082.html", "zipPath": "getCards/card/zh-cn\\content\\12_system_settings\\SF-20005723_f082.zip", "htmlZipPath": "content\\12_system_settings\\SF-20005723_f082.html", "publishTime": "2024-12-28T07:42:55+0000", "briefContent": {"textSummary": "您可根据需要，更改光标速度和样式，使光标易于查看、使用。"}, "thumbnailsUrl": "getCards/card/zh-cn/image/thumbnails/fig_settings_mouse.png"}, {"cardId": "0", "appName": "", "title": "调节字体和显示大小", "funNum": "SF-20005720_f071", "weight": 50, "cdnUrl": "getCards/card/zh-cn\\content\\12_system_settings/SF-20005720_f071.html", "zipPath": "getCards/card/zh-cn\\content\\12_system_settings\\SF-20005720_f071.zip", "htmlZipPath": "content\\12_system_settings\\SF-20005720_f071.html", "publishTime": "2024-12-28T07:42:55+0000", "briefContent": {"textSummary": "您可根据需要调整应用界面图片、字体等显示内容的大小，以符合您的视觉习惯。"}, "thumbnailsUrl": "getCards/card/zh-cn/image/thumbnails/fig_settings_display_adjustsize.png"}, {"cardId": "0", "appName": "", "title": "设置屏幕自动熄屏时长", "funNum": "SF-20006480_f071", "weight": 60, "cdnUrl": "getCards/card/zh-cn\\content\\04_os/SF-20006480_f071.html", "zipPath": "getCards/card/zh-cn\\content\\04_os\\SF-20006480_f071.zip", "htmlZipPath": "content\\04_os\\SF-20006480_f071.html", "publishTime": "2024-12-28T07:42:55+0000", "briefContent": {"textSummary": "一段时间不操作电脑时，电脑将自动关闭屏幕、进入睡眠状态。您可根据需要，更改屏幕自动关闭时长。"}, "thumbnailsUrl": "getCards/card/zh-cn/image/thumbnails/fig_settings_ScreenSleep_time.png"}, {"cardId": "0", "appName": "", "title": "深色模式，暗下来更舒适", "funNum": "SF-20005720_f072", "weight": 70, "cdnUrl": "getCards/card/zh-cn\\content\\12_system_settings/SF-20005720_f072.html", "zipPath": "getCards/card/zh-cn\\content\\12_system_settings\\SF-20005720_f072.zip", "htmlZipPath": "content\\12_system_settings\\SF-20005720_f072.html", "publishTime": "2024-12-28T07:42:55+0000", "briefContent": {"textSummary": "将应用背景设置为深色调，降低屏幕过亮对人眼的刺激，即舒适又省电。"}, "thumbnailsUrl": "getCards/card/zh-cn/image/thumbnails/fig_settings_display_darkmode.png"}, {"cardId": "0", "appName": "", "title": "智能充电，延长电池使用寿命", "funNum": "SF-20006480_f074", "weight": 80, "cdnUrl": "getCards/card/zh-cn\\content\\04_os/SF-20006480_f074.html", "zipPath": "getCards/card/zh-cn\\content\\04_os\\SF-20006480_f074.zip", "htmlZipPath": "content\\04_os\\SF-20006480_f074.html", "publishTime": "2024-12-28T07:42:55+0000", "briefContent": {"textSummary": "开启智能充电模式，系统会自动学习您的充电习惯，进行智能充电管理，避免电池长时间处于满电状态，以延缓电池老化速度和延长电池使用寿命。"}, "thumbnailsUrl": "getCards/card/zh-cn/image/thumbnails/fig_settings_SmartCharging.png"}], "total": 8, "groupNum": "5", "subTitle": "了解如何自定义你的设备", "icon": "getCards/category/images/xxxhdpi_path/6.jpg", "show": 1, "title": "个性设置", "weight": 5, "backImage": "getCards/category/images/backimage/blue-backimage.png", "backIcon": "getCards/category/images/backicon/6.png"}, {"groupId": 0, "cards": [{"cardId": "0", "appName": "", "title": "小艺搜索，一搜即得", "funNum": "SF-10044679_f071", "weight": 10, "cdnUrl": "getCards/card/zh-cn\\content\\03_intelligent/SF-10044679_f071.html", "zipPath": "getCards/card/zh-cn\\content\\03_intelligent\\SF-10044679_f071.zip", "htmlZipPath": "content\\03_intelligent\\SF-10044679_f071.html", "publishTime": "2024-12-28T07:42:55+0000", "briefContent": {"textSummary": "小艺搜索不仅支持文件名、文件内容的搜索，还支持多维度属性组合和复杂语义的搜索。一按即搜，搜索结果智能分类、一触即览。"}, "thumbnailsUrl": "getCards/card/zh-cn/image/thumbnails/fig_AI_search.png"}, {"cardId": "0", "appName": "", "title": "小艺助手，解答您的奇思妙想", "funNum": "SF-20007280_f072", "weight": 15, "cdnUrl": "getCards/card/zh-cn\\content\\03_intelligent/SF-20007280_f072.html", "zipPath": "getCards/card/zh-cn\\content\\03_intelligent\\SF-20007280_f072.zip", "htmlZipPath": "content\\03_intelligent\\SF-20007280_f072.html", "publishTime": "2024-12-28T07:42:55+0000", "briefContent": {"textSummary": "小艺拥有海量的知识储备，覆盖通用百科、新闻资讯、体育赛事、设备功能等类型知识，有问必答。"}, "thumbnailsUrl": "getCards/card/zh-cn/image/thumbnails/fig_AI_CeliaQA.png"}, {"cardId": "0", "appName": "", "title": "拖入小艺，快速创建日程", "funNum": "SF-20007280_f073", "weight": 20, "cdnUrl": "getCards/card/zh-cn\\content\\03_intelligent/SF-20007280_f073.html", "zipPath": "getCards/card/zh-cn\\content\\03_intelligent\\SF-20007280_f073.zip", "htmlZipPath": "content\\03_intelligent\\SF-20007280_f073.html", "publishTime": "2024-12-28T07:42:55+0000", "briefContent": {"textSummary": "您可从应用中选中包含时间、待办事项的文本，将其拖拽至小艺，让小艺帮您快速创建日程提醒。"}, "thumbnailsUrl": "getCards/card/zh-cn/image/thumbnails/fig_AI_CreateSchedule.png"}, {"cardId": "0", "appName": "", "title": "拖入小艺，提取图片信息", "funNum": "SF-20007280_f074", "weight": 30, "cdnUrl": "getCards/card/zh-cn\\content\\03_intelligent/SF-20007280_f074.html", "zipPath": "getCards/card/zh-cn\\content\\03_intelligent\\SF-20007280_f074.zip", "htmlZipPath": "content\\03_intelligent\\SF-20007280_f074.html", "publishTime": "2024-12-28T07:42:55+0000", "briefContent": {"textSummary": "您可将包含表格或文字内容的图片，将其拖入小艺，让小艺帮您快速生成表格文件或提取文字。"}, "thumbnailsUrl": "getCards/card/zh-cn/image/thumbnails/fig_AI_TableExtraction.png"}, {"cardId": "0", "appName": "", "title": "小艺慧记，快速获取会议要点", "funNum": "SF-20007280_f075", "weight": 40, "cdnUrl": "getCards/card/zh-cn\\content\\03_intelligent/SF-20007280_f075.html", "zipPath": "getCards/card/zh-cn\\content\\03_intelligent\\SF-20007280_f075.zip", "htmlZipPath": "content\\03_intelligent\\SF-20007280_f075.html", "publishTime": "2024-12-28T07:42:55+0000", "briefContent": {"textSummary": "在线开会时，开启小艺慧记，可识别发言人音色并将语音实时转换成文本；会议结束后，根据发言内容生成总结摘要，帮您节省时间、快速掌握会议要点。"}, "thumbnailsUrl": "getCards/card/zh-cn/image/thumbnails/fig_AI_XiaoyiHuiji.png"}, {"cardId": "0", "appName": "", "title": "小艺字幕，声音实时转为字幕", "funNum": "SF-20007280_f076", "weight": 50, "cdnUrl": "getCards/card/zh-cn\\content\\03_intelligent/SF-20007280_f076.html", "zipPath": "getCards/card/zh-cn\\content\\03_intelligent\\SF-20007280_f076.zip", "htmlZipPath": "content\\03_intelligent\\SF-20007280_f076.html", "publishTime": "2024-12-28T07:42:55+0000", "briefContent": {"textSummary": "在电脑上聆听外文音乐或观看外文视频时，可启用小艺字幕，将播放的声音实时转为目标语言文字，并以字幕形式显示在电脑桌面，让您畅享外文视听盛宴、语言理解无障碍。"}, "thumbnailsUrl": "getCards/card/zh-cn/image/thumbnails/fig_AI_subtitles.png"}, {"cardId": "0", "appName": "", "title": "AI 智能降噪，让沟通更清晰", "funNum": "SF-20005721_f071", "weight": 60, "cdnUrl": "getCards/card/zh-cn\\content\\12_system_tools/SF-20005721_f071.html", "zipPath": "getCards/card/zh-cn\\content\\12_system_tools\\SF-20005721_f071.zip", "htmlZipPath": "content\\12_system_tools\\SF-20005721_f071.html", "publishTime": "2024-12-28T07:42:55+0000", "briefContent": {"textSummary": "在喧嚣的环境中在线开会、上网课时，可开启 HUAWEI SOUND AI 音效，降低噪音干扰（如周围人声、键盘敲击声等）、增强人声，让您享受纯净音效体验。"}, "thumbnailsUrl": "getCards/card/zh-cn/image/thumbnails/fig_AI_SoundEffects.png"}], "total": 7, "groupNum": "6", "subTitle": "体验智慧功能带来的办公体验", "icon": "getCards/category/images/xxxhdpi_path/3.jpg", "show": 1, "title": "智慧体验", "weight": 6, "backImage": "getCards/category/images/backimage/pink-backimage.png", "backIcon": "getCards/category/images/backicon/3.png"}, {"groupId": 0, "cards": [{"cardId": "0", "appName": "", "title": "了解设备安全状态", "funNum": "SF-20005756_f071", "weight": 10, "cdnUrl": "getCards/card/zh-cn\\content\\17_safety/SF-20005756_f071.html", "zipPath": "getCards/card/zh-cn\\content\\17_safety\\SF-20005756_f071.zip", "htmlZipPath": "content\\17_safety\\SF-20005756_f071.html", "publishTime": "2024-12-28T07:42:55+0000", "briefContent": {"textSummary": "通过隐私安全中心，您可查看设备安全建议、隐私数据等，并根据需要修改隐私和安全的配置，让您的电脑更安全。"}, "thumbnailsUrl": "getCards/card/zh-cn/image/thumbnails/fig_settings_SafetyBoard.png"}, {"cardId": "0", "appName": "", "title": "隐私灯，及时提示敏感权限", "funNum": "SF-20005756_f073", "weight": 15, "cdnUrl": "getCards/card/zh-cn\\content\\17_safety/SF-20005756_f073.html", "zipPath": "getCards/card/zh-cn\\content\\17_safety\\SF-20005756_f073.zip", "htmlZipPath": "content\\17_safety\\SF-20005756_f073.html", "publishTime": "2024-12-28T07:42:55+0000", "briefContent": {"textSummary": "担心应用悄悄使用敏感权限？您可通过隐私灯了解敏感权限使用情况，及时处理。"}, "thumbnailsUrl": "getCards/card/zh-cn/image/thumbnails/fig_ControlCenter_PrivacyIndicator.png"}, {"cardId": "0", "appName": "", "title": "使用指纹，快速解锁屏幕", "funNum": "SF-20005687_f072", "weight": 20, "cdnUrl": "getCards/card/zh-cn\\content\\01_Desktop_UI/SF-20005687_f072.html", "zipPath": "getCards/card/zh-cn\\content\\01_Desktop_UI\\SF-20005687_f072.zip", "htmlZipPath": "content\\01_Desktop_UI\\SF-20005687_f072.html", "publishTime": "2024-12-28T07:42:55+0000", "briefContent": {"textSummary": "您可录入指纹信息，在电脑锁屏或熄屏时使用已录入指纹的手指触摸指纹感应区（如电源键），快速解锁屏幕。"}, "thumbnailsUrl": "getCards/card/zh-cn/image/thumbnails/fig_settings_fingerprints.png"}, {"cardId": "0", "appName": "", "title": "自动填充账号和密码", "funNum": "SF-20005743_f071", "weight": 40, "cdnUrl": "getCards/card/zh-cn\\content\\17_safety/SF-20005743_f071.html", "zipPath": "getCards/card/zh-cn\\content\\17_safety\\SF-20005743_f071.zip", "htmlZipPath": "content\\17_safety\\SF-20005743_f071.html", "publishTime": "2024-12-28T07:42:55+0000", "briefContent": {"textSummary": "使用密码保险箱，首次登录时可保存应用或网站的账号、密码，方便下次快捷登录应用或网站。其他人包括系统均无法获取您的数据。"}, "thumbnailsUrl": "getCards/card/zh-cn/image/thumbnails/fig_PasswordVault.png"}, {"cardId": "0", "appName": "", "title": "一键关闭摄像头等敏感权限", "funNum": "SF-20005756_f072", "weight": 50, "cdnUrl": "getCards/card/zh-cn\\content\\17_safety/SF-20005756_f072.html", "zipPath": "getCards/card/zh-cn\\content\\17_safety\\SF-20005756_f072.zip", "htmlZipPath": "content\\17_safety\\SF-20005756_f072.html", "publishTime": "2024-12-28T07:42:55+0000", "briefContent": {"textSummary": "一键开启超级隐私，禁止其他应用和服务访问相机、麦克风、位置信息，保护您的隐私安全。"}, "thumbnailsUrl": "getCards/card/zh-cn/image/thumbnails/fig_SuperPrivacy.png"}, {"cardId": "0", "appName": "", "title": "文件保密柜，保护隐私文件", "funNum": "SF-20005956_f075", "weight": 60, "cdnUrl": "getCards/card/zh-cn\\content\\02_office/SF-20005956_f075.html", "zipPath": "getCards/card/zh-cn\\content\\02_office\\SF-20005956_f075.zip", "htmlZipPath": "content\\02_office\\SF-20005956_f075.html", "publishTime": "2024-12-28T07:42:55+0000", "briefContent": {"textSummary": "将重要文件添加到保密柜并设置访问密码，防止文件被非法获取、篡改或丢失，保障信息安全。"}, "thumbnailsUrl": "getCards/card/zh-cn/image/thumbnails/fig_FileManager_safebox.png"}, {"cardId": "0", "appName": "", "title": "加密文件，分享指定授权人", "funNum": "SF-20005956_f076", "weight": 70, "cdnUrl": "getCards/card/zh-cn\\content\\02_office/SF-20005956_f076.html", "zipPath": "getCards/card/zh-cn\\content\\02_office\\SF-20005956_f076.zip", "htmlZipPath": "content\\02_office\\SF-20005956_f076.html", "publishTime": "2024-12-28T07:42:55+0000", "briefContent": {"textSummary": "重要文件只希望给指定授权人查看时，您可使用加密分享，为文件设置访问权限，保护信息安全。"}, "thumbnailsUrl": "getCards/card/zh-cn/image/thumbnails/fig_FileManager_EncryptedSharing.png"}, {"cardId": "0", "appName": "", "title": "锁定备忘，保护隐私信息", "funNum": "SF-20005942_f078", "weight": 80, "cdnUrl": "getCards/card/zh-cn\\content\\02_office/SF-20005942_f078.html", "zipPath": "getCards/card/zh-cn\\content\\02_office\\SF-20005942_f078.zip", "htmlZipPath": "content\\02_office\\SF-20005942_f078.html", "publishTime": "2024-12-28T07:42:55+0000", "briefContent": {"textSummary": "您可根据需要为备忘启用备忘锁，设置访问权限，有效保护隐私。"}, "thumbnailsUrl": "getCards/card/zh-cn/image/thumbnails/fig_notepad_lock.png"}, {"cardId": "0", "appName": "", "title": "隐藏隐私图片和视频", "funNum": "SF-20005894_f075", "weight": 90, "cdnUrl": "getCards/card/zh-cn\\content\\19_media/SF-20005894_f075.html", "zipPath": "getCards/card/zh-cn\\content\\19_media\\SF-20005894_f075.zip", "htmlZipPath": "content\\19_media\\SF-20005894_f075.html", "publishTime": "2024-12-28T07:42:55+0000", "briefContent": {"textSummary": "您可将图库中的隐私图片或视频设置为隐藏，设置访问权限，保护隐私安全。"}, "thumbnailsUrl": "getCards/card/zh-cn/image/thumbnails/fig_gallery_hide.png"}], "total": 9, "groupNum": "7", "subTitle": "时刻守护你的隐私安全", "icon": "getCards/category/images/xxxhdpi_path/4.jpg", "show": 1, "title": "纯净安全", "weight": 7, "backImage": "getCards/category/images/backimage/orange-backimage.png", "backIcon": "getCards/category/images/backicon/4.png"}, {"groupId": 0, "cards": [{"cardId": "0", "appName": "", "title": "跨设备快速获取精美图片", "funNum": "SF-20005942_f076", "weight": 10, "cdnUrl": "getCards/card/zh-cn\\content\\02_office/SF-20005942_f076.html", "zipPath": "getCards/card/zh-cn\\content\\02_office\\SF-20005942_f076.zip", "htmlZipPath": "content\\02_office\\SF-20005942_f076.html", "publishTime": "2024-12-28T07:42:55+0000", "briefContent": {"textSummary": "使用跨设备互通，可让您使用手机/平板强大的相机功能拍摄照片或扫描文档，方便快捷的获取清晰美观的图片，插入电脑正在编辑的备忘中。"}, "thumbnailsUrl": "getCards/card/zh-cn/image/thumbnails/fig_notepad_collaboration.png"}, {"cardId": "0", "appName": "", "title": "华为分享，跨设备速传文件", "funNum": "SF-10044641_f071", "weight": 20, "cdnUrl": "getCards/card/zh-cn\\content\\06_iot/SF-10044641_f071.html", "zipPath": "getCards/card/zh-cn\\content\\06_iot\\SF-10044641_f071.zip", "htmlZipPath": "content\\06_iot\\SF-10044641_f071.html", "publishTime": "2024-12-28T07:42:55+0000", "briefContent": {"textSummary": "无需流量，通过华为分享在电脑、平板、手机间无线极速传输文件。"}, "thumbnailsUrl": "getCards/card/zh-cn/image/thumbnails/fig_HuaweiShare.png"}, {"cardId": "0", "appName": "", "title": "电脑和手机协同连接", "funNum": "SF-20008668_f071", "weight": 30, "cdnUrl": "getCards/card/zh-cn\\content\\06_iot/SF-20008668_f071.html", "zipPath": "getCards/card/zh-cn\\content\\06_iot\\SF-20008668_f071.zip", "htmlZipPath": "content\\06_iot\\SF-20008668_f071.html", "publishTime": "2024-12-28T07:42:55+0000", "briefContent": {"textSummary": "协同连接后，电脑桌面上会显示手机镜像窗口。您可在电脑上使用键鼠操控手机（如拖拽互传文件、复制粘贴文本、编辑手机文件等），助您高效办公。"}, "thumbnailsUrl": "getCards/card/zh-cn/image/thumbnails/fig_pc_connect_phone.png"}, {"cardId": "0", "appName": "", "title": "跨设备任务无缝衔接", "funNum": "SF-20005815_f071", "weight": 40, "cdnUrl": "getCards/card/zh-cn\\content\\06_iot/SF-20005815_f071.html", "zipPath": "getCards/card/zh-cn\\content\\06_iot\\SF-20005815_f071.zip", "htmlZipPath": "content\\06_iot\\SF-20005815_f071.html", "publishTime": "2024-12-28T07:42:55+0000", "briefContent": {"textSummary": "使用接续，可以在附近设备上无缝衔接当前设备上的任务，体验不间断。例如，在户外用手机备忘录记录的一些有趣见闻，回家后可将备忘平滑切换到电脑上继续编辑。"}, "thumbnailsUrl": "getCards/card/zh-cn/image/thumbnails/fig_pc_continuation.png"}, {"cardId": "0", "appName": "", "title": "跨设备键鼠共享", "funNum": "SF-20008661_f071", "weight": 50, "cdnUrl": "getCards/card/zh-cn\\content\\06_iot/SF-20008661_f071.html", "zipPath": "getCards/card/zh-cn\\content\\06_iot\\SF-20008661_f071.zip", "htmlZipPath": "content\\06_iot\\SF-20008661_f071.html", "publishTime": "2024-12-28T07:42:55+0000", "briefContent": {"textSummary": "使用键鼠共享，使电脑鼠标在设备间自由穿越，体验跨设备键盘鼠标共享和文件拖拽。例如，在电脑上将光标移至屏幕边缘并穿越至手机/平板后，可使用电脑的鼠标操作手机/平板应用、使用电脑的键盘在手机/平板的备忘编辑界面输入文本。"}, "thumbnailsUrl": "getCards/card/zh-cn/image/thumbnails/fig_KeyboardMouseSharing.png"}, {"cardId": "0", "appName": "", "title": "跨设备复制和粘贴", "funNum": "SF-10044822_f071", "weight": 60, "cdnUrl": "getCards/card/zh-cn\\content\\06_iot/SF-10044822_f071.html", "zipPath": "getCards/card/zh-cn\\content\\06_iot\\SF-10044822_f071.zip", "htmlZipPath": "content\\06_iot\\SF-10044822_f071.html", "publishTime": "2024-12-28T07:42:55+0000", "briefContent": {"textSummary": "使用跨设备剪贴板，在设备间复制粘贴文本、图片等素材，轻松完成多设备间的内容共享。"}, "thumbnailsUrl": "getCards/card/zh-cn/image/thumbnails/fig_CrossDevice_Clipboard.png"}, {"cardId": "0", "appName": "", "title": "无线投屏，畅享大屏体验", "funNum": "SF-20008665_f071", "weight": 70, "cdnUrl": "getCards/card/zh-cn\\content\\06_iot/SF-20008665_f071.html", "zipPath": "getCards/card/zh-cn\\content\\06_iot\\SF-20008665_f071.zip", "htmlZipPath": "content\\06_iot\\SF-20008665_f071.html", "publishTime": "2024-12-28T07:42:55+0000", "briefContent": {"textSummary": "无需连线，将电脑屏幕快速投送至大屏设备，让办公、娱乐更畅快。"}, "thumbnailsUrl": "getCards/card/zh-cn/image/thumbnails/fig_wireless_projection.png"}], "total": 7, "groupNum": "8", "subTitle": "了解多产品如何默契配合", "icon": "getCards/category/images/xxxhdpi_path/7.jpg", "show": 1, "title": "全场景", "weight": 8, "backImage": "getCards/category/images/backimage/purple-backimage.png", "backIcon": "getCards/category/images/backicon/7.png"}]}