{"interfaces": [{"apiPath": "/emui-tips-service/query/v1/checkUpdate", "responseFile": "checkUpdate.zip", "responsePath": "checkUpdate/checkUpdate/checkUpdate.json", "updateTime": "2024-12-28T07:42:55+0000"}, {"apiPath": "/emui-tips-service/query/v1/intents", "responseFile": "checkUpdate.zip", "responsePath": "checkUpdate/intents/intents.json", "updateTime": "2024-12-28T07:42:55+0000"}, {"apiPath": "/emui-tips-service/query/v1/comment-tags", "responseFile": "checkUpdate.zip", "responsePath": "checkUpdate/commentTags/commentTags.json", "updateTime": "2024-12-28T07:42:55+0000"}, {"apiPath": "/emui-tips-service/query/v1/getResourceByFunNum", "responseFile": "checkUpdate.zip", "responsePath": "checkUpdate/getResourceByFunNumBatch/getResourceByFunNumBatch.json", "updateTime": "2024-12-28T07:42:55+0000"}, {"apiPath": "/emui-tips-service/query/v2/getCards", "responseFile": "getCards.zip", "responsePath": "getCards/getCards.json", "updateTime": "2024-12-28T07:42:55+0000"}, {"apiPath": "/emui-tips-service/query/v1/subjects", "responseFile": "subjects.zip", "responsePath": "subjects/subjects.json", "updateTime": "2024-12-28T07:42:55+0000"}, {"apiPath": "/emui-tips-service/query/v1/subject/recommend", "responseFile": "banners.zip", "responsePath": "banners/banners.json", "updateTime": "2024-12-28T07:42:55+0000"}]}