{"resourceArray": [{"resourceType": "card", "funNum": "SF-20005692_f071", "title": "HarmonyOS 桌面新体验", "cdnUrl": "getCards/card/zh-cn\\content\\01_Desktop_UI/SF-20005692_f071.html", "groupNum": "1"}, {"resourceType": "card", "funNum": "SF-20006108_f091", "title": "常用触控板手势", "cdnUrl": "getCards/card/zh-cn\\content\\01_Desktop_UI/SF-20006108_f091.html", "groupNum": "1"}, {"resourceType": "card", "funNum": "SF-20006116_f091", "title": "常用快捷键", "cdnUrl": "getCards/card/zh-cn\\content\\01_Desktop_UI/SF-20006116_f091.html", "groupNum": "1"}, {"resourceType": "card", "funNum": "SF-20005708_f071", "title": "控制中心，让操作更便捷", "cdnUrl": "getCards/card/zh-cn\\content\\01_Desktop_UI/SF-20005708_f071.html", "groupNum": "1"}, {"resourceType": "card", "funNum": "SF-20005919_f071", "title": "轻松截屏，定格精彩瞬间", "cdnUrl": "getCards/card/zh-cn\\content\\12_system_tools/SF-20005919_f071.html", "groupNum": "1"}, {"resourceType": "card", "funNum": "SF-20005924_f071", "title": "录屏，记录屏幕精彩片段", "cdnUrl": "getCards/card/zh-cn\\content\\12_system_tools/SF-20005924_f071.html", "groupNum": "1"}, {"resourceType": "card", "funNum": "SF-20005724_f071", "title": "开启分屏，轻松应对多任务", "cdnUrl": "getCards/card/zh-cn\\content\\01_Desktop_UI/SF-20005724_f071.html", "groupNum": "1"}, {"resourceType": "card", "funNum": "SF-20006066_f071", "title": "数据克隆，换机数据迁移", "cdnUrl": "getCards/card/zh-cn\\content\\12_system_tools/SF-20006066_f071.html", "groupNum": "1"}, {"resourceType": "card", "funNum": "SF-20008677_f072", "title": "播控中心，一键投音", "cdnUrl": "getCards/card/zh-cn\\content\\06_iot/SF-20008677_f072.html", "groupNum": "1"}, {"resourceType": "card", "funNum": "SF-20005895_f075", "title": "拼图创作", "cdnUrl": "getCards/card/zh-cn\\content\\19_media/SF-20005895_f075.html", "groupNum": "1"}, {"resourceType": "card", "funNum": "SF-20005956_f071", "title": "快速查看文件", "cdnUrl": "getCards/card/zh-cn\\content\\02_office/SF-20005956_f071.html", "groupNum": "2"}, {"resourceType": "card", "funNum": "SF-20005935_f071", "title": "使用多个日历，分类管理日程", "cdnUrl": "getCards/card/zh-cn\\content\\02_office/SF-20005935_f071.html", "groupNum": "2"}, {"resourceType": "card", "funNum": "SF-20005935_f072", "title": "日程共享，协作更高效", "cdnUrl": "getCards/card/zh-cn\\content\\02_office/SF-20005935_f072.html", "groupNum": "2"}, {"resourceType": "card", "funNum": "SF-20005942_f071", "title": "备忘录，记录奇思妙想", "cdnUrl": "getCards/card/zh-cn\\content\\02_office/SF-20005942_f071.html", "groupNum": "2"}, {"resourceType": "card", "funNum": "SF-20005942_f073", "title": "智能整理备忘", "cdnUrl": "getCards/card/zh-cn\\content\\03_intelligent/SF-20005942_f073.html", "groupNum": "2"}, {"resourceType": "card", "funNum": "SF-20005942_f072", "title": "创建待办事项", "cdnUrl": "getCards/card/zh-cn\\content\\02_office/SF-20005942_f072.html", "groupNum": "2"}, {"resourceType": "card", "funNum": "SF-10229830_f071", "title": "快速提取图片的主体", "cdnUrl": "getCards/card/zh-cn\\content\\03_intelligent/SF-10229830_f071.html", "groupNum": "2"}, {"resourceType": "card", "funNum": "SF-20008618_f071", "title": "开盖即开机，快速启动电脑", "cdnUrl": "getCards/card/zh-cn\\content\\04_os/SF-20008618_f071.html", "groupNum": "2"}, {"resourceType": "card", "funNum": "SF-20005692_f075", "title": "更换壁纸", "cdnUrl": "getCards/card/zh-cn\\content\\01_Desktop_UI/SF-20005692_f075.html", "groupNum": "5"}, {"resourceType": "card", "funNum": "SF-20005728_f071", "title": "添加桌面卡片", "cdnUrl": "getCards/card/zh-cn\\content\\01_Desktop_UI/SF-20005728_f071.html", "groupNum": "5"}, {"resourceType": "card", "funNum": "SF-20006480_f075", "title": "在状态栏显示电量百分比", "cdnUrl": "getCards/card/zh-cn\\content\\04_os/SF-20006480_f075.html", "groupNum": "5"}, {"resourceType": "card", "funNum": "SF-20005723_f082", "title": "更改鼠标光标样式", "cdnUrl": "getCards/card/zh-cn\\content\\12_system_settings/SF-20005723_f082.html", "groupNum": "5"}, {"resourceType": "card", "funNum": "SF-20005720_f071", "title": "调节字体和显示大小", "cdnUrl": "getCards/card/zh-cn\\content\\12_system_settings/SF-20005720_f071.html", "groupNum": "5"}, {"resourceType": "card", "funNum": "SF-20006480_f071", "title": "设置屏幕自动熄屏时长", "cdnUrl": "getCards/card/zh-cn\\content\\04_os/SF-20006480_f071.html", "groupNum": "5"}, {"resourceType": "card", "funNum": "SF-20005720_f072", "title": "深色模式，暗下来更舒适", "cdnUrl": "getCards/card/zh-cn\\content\\12_system_settings/SF-20005720_f072.html", "groupNum": "5"}, {"resourceType": "card", "funNum": "SF-20006480_f074", "title": "智能充电，延长电池使用寿命", "cdnUrl": "getCards/card/zh-cn\\content\\04_os/SF-20006480_f074.html", "groupNum": "5"}, {"resourceType": "card", "funNum": "SF-10044679_f071", "title": "小艺搜索，一搜即得", "cdnUrl": "getCards/card/zh-cn\\content\\03_intelligent/SF-10044679_f071.html", "groupNum": "6"}, {"resourceType": "card", "funNum": "SF-20007280_f072", "title": "小艺助手，解答您的奇思妙想", "cdnUrl": "getCards/card/zh-cn\\content\\03_intelligent/SF-20007280_f072.html", "groupNum": "6"}, {"resourceType": "card", "funNum": "SF-20007280_f073", "title": "拖入小艺，快速创建日程", "cdnUrl": "getCards/card/zh-cn\\content\\03_intelligent/SF-20007280_f073.html", "groupNum": "6"}, {"resourceType": "card", "funNum": "SF-20007280_f074", "title": "拖入小艺，提取图片信息", "cdnUrl": "getCards/card/zh-cn\\content\\03_intelligent/SF-20007280_f074.html", "groupNum": "6"}, {"resourceType": "card", "funNum": "SF-20007280_f075", "title": "小艺慧记，快速获取会议要点", "cdnUrl": "getCards/card/zh-cn\\content\\03_intelligent/SF-20007280_f075.html", "groupNum": "6"}, {"resourceType": "card", "funNum": "SF-20007280_f076", "title": "小艺字幕，声音实时转为字幕", "cdnUrl": "getCards/card/zh-cn\\content\\03_intelligent/SF-20007280_f076.html", "groupNum": "6"}, {"resourceType": "card", "funNum": "SF-20005721_f071", "title": "AI 智能降噪，让沟通更清晰", "cdnUrl": "getCards/card/zh-cn\\content\\12_system_tools/SF-20005721_f071.html", "groupNum": "6"}, {"resourceType": "card", "funNum": "SF-20005756_f071", "title": "了解设备安全状态", "cdnUrl": "getCards/card/zh-cn\\content\\17_safety/SF-20005756_f071.html", "groupNum": "7"}, {"resourceType": "card", "funNum": "SF-20005756_f073", "title": "隐私灯，及时提示敏感权限", "cdnUrl": "getCards/card/zh-cn\\content\\17_safety/SF-20005756_f073.html", "groupNum": "7"}, {"resourceType": "card", "funNum": "SF-20005687_f072", "title": "使用指纹，快速解锁屏幕", "cdnUrl": "getCards/card/zh-cn\\content\\01_Desktop_UI/SF-20005687_f072.html", "groupNum": "7"}, {"resourceType": "card", "funNum": "SF-20005756_f072", "title": "一键关闭摄像头等敏感权限", "cdnUrl": "getCards/card/zh-cn\\content\\17_safety/SF-20005756_f072.html", "groupNum": "7"}, {"resourceType": "card", "funNum": "SF-20005743_f071", "title": "自动填充账号和密码", "cdnUrl": "getCards/card/zh-cn\\content\\17_safety/SF-20005743_f071.html", "groupNum": "7"}, {"resourceType": "card", "funNum": "SF-20005956_f075", "title": "文件保密柜，保护隐私文件", "cdnUrl": "getCards/card/zh-cn\\content\\02_office/SF-20005956_f075.html", "groupNum": "7"}, {"resourceType": "card", "funNum": "SF-20005956_f076", "title": "加密文件，分享指定授权人", "cdnUrl": "getCards/card/zh-cn\\content\\02_office/SF-20005956_f076.html", "groupNum": "7"}, {"resourceType": "card", "funNum": "SF-20005942_f078", "title": "锁定备忘，保护隐私信息", "cdnUrl": "getCards/card/zh-cn\\content\\02_office/SF-20005942_f078.html", "groupNum": "7"}, {"resourceType": "card", "funNum": "SF-20005894_f075", "title": "隐藏隐私图片和视频", "cdnUrl": "getCards/card/zh-cn\\content\\19_media/SF-20005894_f075.html", "groupNum": "7"}, {"resourceType": "card", "funNum": "SF-20005942_f076", "title": "跨设备快速获取精美图片", "cdnUrl": "getCards/card/zh-cn\\content\\02_office/SF-20005942_f076.html", "groupNum": "8"}, {"resourceType": "card", "funNum": "SF-10044641_f071", "title": "华为分享，跨设备速传文件", "cdnUrl": "getCards/card/zh-cn\\content\\06_iot/SF-10044641_f071.html", "groupNum": "8"}, {"resourceType": "card", "funNum": "SF-20008668_f071", "title": "电脑和手机协同连接", "cdnUrl": "getCards/card/zh-cn\\content\\06_iot/SF-20008668_f071.html", "groupNum": "8"}, {"resourceType": "card", "funNum": "SF-20005815_f071", "title": "跨设备任务无缝衔接", "cdnUrl": "getCards/card/zh-cn\\content\\06_iot/SF-20005815_f071.html", "groupNum": "8"}, {"resourceType": "card", "funNum": "SF-20008661_f071", "title": "跨设备键鼠共享", "cdnUrl": "getCards/card/zh-cn\\content\\06_iot/SF-20008661_f071.html", "groupNum": "8"}, {"resourceType": "card", "funNum": "SF-10044822_f071", "title": "跨设备复制和粘贴", "cdnUrl": "getCards/card/zh-cn\\content\\06_iot/SF-10044822_f071.html", "groupNum": "8"}, {"resourceType": "card", "funNum": "SF-20008665_f071", "title": "无线投屏，畅享大屏体验", "cdnUrl": "getCards/card/zh-cn\\content\\06_iot/SF-20008665_f071.html", "groupNum": "8"}]}