{"subjects": [{"subjectId": 1, "title": "华为分享，跨设备速传文件", "subTitle": "", "targetUrl": "getCards/card/zh-cn\\content\\06_iot/SF-10044641_f071.html", "funNum": "SF-10044641_f071", "showType": "1", "domainCode": "全场景", "domainName": "全场景", "domainIcon": "banners/banner/icon/icon-38.png", "image": "banners/banner/image/zh-CN/xxxhdpi/4.jpg", "video": "", "lang": "zh-CN", "emui": "HarmonyOS5.0"}, {"subjectId": 2, "title": "备忘录，记录奇思妙想", "subTitle": "", "targetUrl": "getCards/card/zh-cn\\content\\02_office/SF-20005942_f071.html", "funNum": "SF-20005942_f071", "showType": "1", "domainCode": "智慧办公", "domainName": "智慧办公", "domainIcon": "banners/banner/icon/icon-35.png", "image": "banners/banner/image/zh-CN/xxxhdpi/2.jpg", "video": "", "lang": "zh-CN", "emui": "HarmonyOS5.0"}, {"subjectId": 3, "title": "数据克隆，换机数据迁移", "subTitle": "", "targetUrl": "getCards/card/zh-cn\\content\\12_system_tools/SF-20006066_f071.html", "funNum": "SF-20006066_f071", "showType": "1", "domainCode": "新机上手", "domainName": "新机上手", "domainIcon": "banners/banner/icon/icon-36.png", "image": "banners/banner/image/zh-CN/xxxhdpi/1.jpg", "video": "", "lang": "zh-CN", "emui": "HarmonyOS5.0"}, {"subjectId": 4, "title": "更换壁纸", "subTitle": "", "targetUrl": "getCards/card/zh-cn\\content\\01_Desktop_UI/SF-20005692_f075.html", "funNum": "SF-20005692_f075", "showType": "1", "domainCode": "个性设置", "domainName": "个性设置", "domainIcon": "banners/banner/icon/icon-37.png", "image": "banners/banner/image/zh-CN/xxxhdpi/3.jpg", "video": "", "lang": "zh-CN", "emui": "HarmonyOS5.0"}, {"subjectId": 5, "title": "一键关闭摄像头等敏感权限", "subTitle": "", "targetUrl": "getCards/card/zh-cn\\content\\17_safety/SF-20005756_f072.html", "funNum": "SF-20005756_f072", "showType": "1", "domainCode": "纯净安全", "domainName": "纯净安全", "domainIcon": "banners/banner/icon/icon-39.png", "image": "banners/banner/image/zh-CN/xxxhdpi/5.jpg", "video": "", "lang": "zh-CN", "emui": "HarmonyOS5.0"}]}