{"intentList": [{"intentNum": "SF-20005687_f073", "intentTitle": "录入面容数据", "forwardIntent": "{\"bundleName\":\"com.huawei.hmos.settings\",\"abilityName\":\"com.huawei.hmos.settings.MainAbility\",\"uri\":\"biometrics_and_password_settings\"}", "forwardAppName": "com.huawei.hmos.settings"}, {"intentNum": "SF-20005687_f072", "intentTitle": "录入指纹", "forwardIntent": "{\"bundleName\":\"com.huawei.hmos.settings\",\"abilityName\":\"com.huawei.hmos.settings.MainAbility\",\"uri\":\"biometrics_and_password_settings\"}", "forwardAppName": "com.huawei.hmos.settings"}, {"intentNum": "SF-20006066_f071", "intentTitle": "启动数据迁移", "forwardIntent": "{\"bundleName\":\"com.huawei.hmos.dataclone\",\"abilityName\":\"EntryAbility\"} ", "forwardAppName": "com.huawei.hmos.dataclone"}, {"intentNum": "SF-20005942_f071", "intentTitle": "前往备忘录", "forwardIntent": "{\"bundleName\":\"com.huawei.hmos.notepad\",\"abilityName\":\"MainAbility\"}", "forwardAppName": "com.huawei.hmos.notepad"}, {"intentNum": "SF-20005942_f072", "intentTitle": "前往备忘录", "forwardIntent": "{\"bundleName\":\"com.huawei.hmos.notepad\",\"abilityName\":\"MainAbility\"}", "forwardAppName": "com.huawei.hmos.notepad"}, {"intentNum": "SF-20005942_f073", "intentTitle": "前往备忘录", "forwardIntent": "{\"bundleName\":\"com.huawei.hmos.notepad\",\"abilityName\":\"MainAbility\"}", "forwardAppName": "com.huawei.hmos.notepad"}, {"intentNum": "SF-20005942_f076", "intentTitle": "前往备忘录", "forwardIntent": "{\"bundleName\":\"com.huawei.hmos.notepad\",\"abilityName\":\"MainAbility\"}", "forwardAppName": "com.huawei.hmos.notepad"}, {"intentNum": "SF-20005942_f078", "intentTitle": "前往备忘录", "forwardIntent": "{\"bundleName\":\"com.huawei.hmos.notepad\",\"abilityName\":\"MainAbility\"}", "forwardAppName": "com.huawei.hmos.notepad"}, {"intentNum": "SF-20005935_f071", "intentTitle": "前往日历", "forwardIntent": "{\"bundleName\":\"com.huawei.hmos.calendar\",\"abilityName\":\"MainAbility\"}", "forwardAppName": "com.huawei.hmos.calendar"}, {"intentNum": "SF-20005935_f072", "intentTitle": "前往日历", "forwardIntent": "{\"bundleName\":\"com.huawei.hmos.calendar\",\"abilityName\":\"MainAbility\"}", "forwardAppName": "com.huawei.hmos.calendar"}, {"intentNum": "SF-20006480_f071", "intentTitle": "前往设置", "forwardIntent": "{\"bundleName\":\"com.huawei.hmos.settings\",\"abilityName\":\"com.huawei.hmos.settings.MainAbility\",\"uri\":\"pc_powerandbattery_settings\"}", "forwardAppName": "com.huawei.hmos.settings"}, {"intentNum": "SF-20006480_f075", "intentTitle": "前往设置", "forwardIntent": "{\"bundleName\":\"com.huawei.hmos.settings\",\"abilityName\":\"com.huawei.hmos.settings.MainAbility\",\"uri\":\"pc_powerandbattery_settings\"}", "forwardAppName": "com.huawei.hmos.settings"}, {"intentNum": "SF-20006480_f074", "intentTitle": "前往设置", "forwardIntent": "{\"bundleName\":\"com.huawei.hmos.settings\",\"abilityName\":\"com.huawei.hmos.settings.MainAbility\",\"uri\":\"smart_charge_battery_health\"}", "forwardAppName": "com.huawei.hmos.settings"}, {"intentNum": "SF-20008618_f071", "intentTitle": "前往设置", "forwardIntent": "{\"bundleName\":\"com.huawei.hmos.settings\",\"abilityName\":\"com.huawei.hmos.settings.MainAbility\",\"uri\":\"pc_powerandbattery_settings\"}", "forwardAppName": "com.huawei.hmos.settings"}, {"intentNum": "SF-10044641_f071", "intentTitle": "前往设置", "forwardIntent": "{\"bundleName\":\"com.huawei.hmos.settings\",\"abilityName\":\"com.huawei.hmos.settings.MainAbility\",\"uri\":\"share_settings\"}", "forwardAppName": "com.huawei.hmos.settings"}, {"intentNum": "SF-20008661_f071", "intentTitle": "前往设置", "forwardIntent": "{\"bundleName\":\"com.huawei.hmos.settings\",\"abilityName\":\"com.huawei.hmos.settings.MainAbility\",\"uri\":\"key_mouse_share_entry\"}", "forwardAppName": "com.huawei.hmos.settings"}, {"intentNum": "SF-20005721_f071", "intentTitle": "前往设置", "forwardIntent": "{\"bundleName\":\"com.huawei.hmos.settings\",\"abilityName\":\"com.huawei.hmos.settings.MainAbility\",\"uri\":\"pc_audio_settings\"}", "forwardAppName": "com.huawei.hmos.settings"}, {"intentNum": "SF-20005723_f082", "intentTitle": "前往设置", "forwardIntent": "{\"bundleName\":\"com.huawei.hmos.settings\",\"abilityName\":\"com.huawei.hmos.settings.MainAbility\",\"uri\":\"pc_mouse_settings\"}", "forwardAppName": "com.huawei.hmos.settings"}, {"intentNum": "SF-20005720_f071", "intentTitle": "前往设置", "forwardIntent": "{\"bundleName\":\"com.huawei.hmos.settings\",\"abilityName\":\"com.huawei.hmos.settings.MainAbility\",\"uri\":\"display_settings\"}", "forwardAppName": "com.huawei.hmos.settings"}, {"intentNum": "SF-20005692_f075", "intentTitle": "前往设置", "forwardIntent": "{\"bundleName\":\"com.huawei.hmos.settings\",\"abilityName\":\"com.huawei.hmos.settings.MainAbility\",\"uri\":\"theme_wallpaper\"}", "forwardAppName": "com.huawei.hmos.settings"}, {"intentNum": "SF-10229830_f071", "intentTitle": "前往图库", "forwardIntent": "{\"bundleName\":\"com.huawei.hmos.photos\",\"abilityName\":\"com.huawei.hmos.photos.MainAbility\"}", "forwardAppName": "com.huawei.hmos.photos"}, {"intentNum": "SF-20005894_f075", "intentTitle": "前往图库", "forwardIntent": "{\"bundleName\":\"com.huawei.hmos.photos\",\"abilityName\":\"com.huawei.hmos.photos.MainAbility\"}", "forwardAppName": "com.huawei.hmos.photos"}, {"intentNum": "SF-20005895_f075", "intentTitle": "前往图库", "forwardIntent": "{\"bundleName\":\"com.huawei.hmos.photos\",\"abilityName\":\"com.huawei.hmos.photos.MainAbility\"}", "forwardAppName": "com.huawei.hmos.photos"}, {"intentNum": "SF-20005956_f071", "intentTitle": "前往文件管理", "forwardIntent": "{\"bundleName\":\"com.huawei.hmos.filemanager\",\"abilityName\":\"MainAbility\"}", "forwardAppName": "com.huawei.hmos.filemanager"}, {"intentNum": "SF-20005956_f075", "intentTitle": "前往文件管理", "forwardIntent": "{\"bundleName\":\"com.huawei.hmos.filemanager\",\"abilityName\":\"MainAbility\"}", "forwardAppName": "com.huawei.hmos.filemanager"}, {"intentNum": "SF-20005956_f076", "intentTitle": "前往文件管理", "forwardIntent": "{\"bundleName\":\"com.huawei.hmos.filemanager\",\"abilityName\":\"MainAbility\"}", "forwardAppName": "com.huawei.hmos.filemanager"}, {"intentNum": "SF-20005756_f071", "intentTitle": "查看隐私数据", "forwardIntent": "{\"bundleName\":\"com.huawei.hmos.settings\",\"abilityName\":\"com.huawei.hmos.settings.MainAbility\",\"uri\":\"privacy_settings\"}", "forwardAppName": "com.huawei.hmos.settings"}, {"intentNum": "SF-20005815_f071", "intentTitle": "查看支持应用", "forwardIntent": "{\"bundleName\":\"com.huawei.hmsapp.appgallery\",\"abilityName\":\"\",\"uri\":\"store://appgallery.huawei.com/app/page?id=handoverapplist\"} ", "forwardAppName": "com.huawei.hmsapp.appgallery"}, {"intentNum": "SF-20005722_f071", "intentTitle": "前往应用市场", "forwardIntent": "{\"bundleName\":\"com.huawei.hmsapp.appgallery\",\"abilityName\":\"MainAbility\"}", "forwardAppName": "com.huawei.hmsapp.appgallery"}]}