{"productRegion": "TIPS_HYM_HDC_DOMESTIC", "emui": "HarmonyOSOH1.0", "docVersion": "C00B030", "lang": "zh-cn", "updateTimes": [{"resourceType": "card", "updateTime": "2024-12-28T07:42:55+0000"}, {"resourceType": "funconfig", "updateTime": "2024-12-28T07:42:55+0000"}, {"resourceType": "intent", "updateTime": "2024-12-28T07:42:55+0000"}, {"resourceType": "subject", "updateTime": "2024-12-28T07:42:55+0000"}, {"resourceType": "banner", "updateTime": "2024-12-28T07:42:55+0000"}, {"resourceType": "tags", "updateTime": "2024-12-28T07:42:55+0000"}, {"resourceType": "restype", "updateTime": "2024-12-28T07:42:55+0000"}, {"resourceType": "openurl", "updateTime": "2024-12-28T07:42:55+0000"}]}