{
  "tagValue": "{\"like\":[{\"id\":\"IDC20001\",\"value\":\"操作方便\"},{\"id\":\"IDC20002\",\"value\":\"功能很有用\"},{\"id\":\"IDC20003\",\"value\":\"内容描述清晰\"},{\"id\":\"IDC20004\",\"value\":\"内容对我有帮助\"}],\"dislike\":[{\"id\":\"IDC10001\",\"value\":\"找不到该功能\"},{\"id\":\"IDC10002\",\"value\":\"操作不成功\"},{\"id\":\"IDC10003\",\"value\":\"使用不方便\"},{\"id\":\"IDC10004\",\"value\":\"效果不如预期\"},{\"id\":\"IDC10005\",\"value\":\"内容描述不清晰\"},{\"id\":\"IDC10006\",\"value\":\"内容与界面不符\"}]}",
  "checkSum": "d8cf1a37d1db216f4a3c62a6bd5930e50ce2e62a36412e480a51"
}